{
	"configs" : [
		{
			"remarks" : "jp2 - 443 端口单端口多用户",
			"id" : "3A5DB8A83E623D34CE403638A6C22858",
			"server" : "202.182.106.189",
			"server_port" : 443,
			"server_udp_port" : 0,
			"password" : "22.66connect.com",
			"method" : "chacha20",
			"protocol" : "auth_aes128_sha1",
			"protocolparam" : "2842:HgXXOS",
			"obfs" : "http_simple",
			"obfsparam" : "windows.com",
			"remarks_base64" : "anAyIC0gNDQzIOerr-WPo-WNleerr-WPo-WkmueUqOaItw",
			"group" : "豆豆奶",
			"enable" : true,
			"udp_over_tcp" : false
		},
		{
			"remarks" : "jp2 - 80 端口单端口多用户",
			"id" : "C620EFF0F18FBDEC4F5BC99C311DD40C",
			"server" : "202.182.106.189",
			"server_port" : 80,
			"server_udp_port" : 0,
			"password" : "22.66connect.com",
			"method" : "chacha20-ietf",
			"protocol" : "auth_aes128_sha1",
			"protocolparam" : "2842:HgXXOS",
			"obfs" : "plain",
			"obfsparam" : "windows.com",
			"remarks_base64" : "anAyIC0gODAg56uv5Y-j5Y2V56uv5Y-j5aSa55So5oi3",
			"group" : "豆豆奶",
			"enable" : true,
			"udp_over_tcp" : false
		},
		{
			"remarks" : "US1 - 443 端口单端口多用户",
			"id" : "F25396A2779AC99F86F83D4A60E1EF76",
			"server" : "173.82.106.119",
			"server_port" : 443,
			"server_udp_port" : 0,
			"password" : "22.66connect.com",
			"method" : "chacha20",
			"protocol" : "auth_aes128_sha1",
			"protocolparam" : "2842:HgXXOS",
			"obfs" : "http_simple",
			"obfsparam" : "windows.com",
			"remarks_base64" : "VVMxIC0gNDQzIOerr-WPo-WNleerr-WPo-WkmueUqOaItw",
			"group" : "豆豆奶",
			"enable" : true,
			"udp_over_tcp" : false
		},
		{
			"remarks" : "US1 - 80 端口单端口多用户",
			"id" : "D079A47BD70152B789A55AD3B29F57EC",
			"server" : "173.82.106.119",
			"server_port" : 80,
			"server_udp_port" : 0,
			"password" : "22.66connect.com",
			"method" : "chacha20-ietf",
			"protocol" : "auth_aes128_sha1",
			"protocolparam" : "2842:HgXXOS",
			"obfs" : "plain",
			"obfsparam" : "windows.com",
			"remarks_base64" : "VVMxIC0gODAg56uv5Y-j5Y2V56uv5Y-j5aSa55So5oi3",
			"group" : "豆豆奶",
			"enable" : true,
			"udp_over_tcp" : false
		},
		{
			"remarks" : "us2 - 443 端口单端口多用户",
			"id" : "592ACE51D0706584B78B12556C736F5B",
			"server" : "173.82.106.64",
			"server_port" : 443,
			"server_udp_port" : 0,
			"password" : "22.66connect.com",
			"method" : "chacha20",
			"protocol" : "auth_aes128_sha1",
			"protocolparam" : "2842:HgXXOS",
			"obfs" : "http_simple",
			"obfsparam" : "windows.com",
			"remarks_base64" : "dXMyIC0gNDQzIOerr-WPo-WNleerr-WPo-WkmueUqOaItw",
			"group" : "豆豆奶",
			"enable" : true,
			"udp_over_tcp" : false
		},
		{
			"remarks" : "us2 - 80 端口单端口多用户",
			"id" : "9EE64D8EE4003799EFC5FE13D898D504",
			"server" : "173.82.106.64",
			"server_port" : 80,
			"server_udp_port" : 0,
			"password" : "22.66connect.com",
			"method" : "chacha20-ietf",
			"protocol" : "auth_aes128_sha1",
			"protocolparam" : "2842:HgXXOS",
			"obfs" : "plain",
			"obfsparam" : "windows.com",
			"remarks_base64" : "dXMyIC0gODAg56uv5Y-j5Y2V56uv5Y-j5aSa55So5oi3",
			"group" : "豆豆奶",
			"enable" : true,
			"udp_over_tcp" : false
		}
	],
	"index" : 0,
	"random" : false,
	"sysProxyMode" : 1,
	"shareOverLan" : false,
	"localPort" : 1080,
	"localAuthPassword" : "CNJfaIvlvogsexWDp0D9",
	"dnsServer" : "",
	"reconnectTimes" : 2,
	"balanceAlgorithm" : "LowException",
	"randomInGroup" : false,
	"TTL" : 0,
	"connectTimeout" : 5,
	"proxyRuleMode" : 2,
	"proxyEnable" : false,
	"pacDirectGoProxy" : false,
	"proxyType" : 0,
	"proxyHost" : null,
	"proxyPort" : 0,
	"proxyAuthUser" : null,
	"proxyAuthPass" : null,
	"proxyUserAgent" : null,
	"authUser" : null,
	"authPass" : null,
	"autoBan" : false,
	"sameHostForSameTarget" : false,
	"keepVisitTime" : 180,
	"isHideTips" : false,
	"nodeFeedAutoUpdate" : true,
	"serverSubscribes" : [
		{
			"URL" : "https://11.233txb.com/link/BAsH1Q3kFCYfHY9a?mu=1",
			"Group" : "豆豆奶",
			"LastUpdateTime" : 1541288539
		}
	],
	"token" : {

	},
	"portMap" : {

	}
}